question,response
hi there,hello how can i assist you today?
hello,hey welcome, what can i do for you?
hey,hey there what brings you here?
good morning,good morning how can i help you today?
good afternoon,good afternoon how may i be of service?
good evening,good evening what can i assist you with?
greetings,greetings how can i assist you today?
hey, how is it going?,hey i am here to help. what is on your mind?
hi, hope you are doing well,hi i am doing great, thanks. how about you?
hey, what is up?,hey not much, just here to help. how about you?
how can i help you today?,i am here to assist you with any questions or concerns you may have.
what services do you offer?,we offer a wide range of services including customer support, product recommendations, and technical assistance.
can you provide me with more information about your products?,certainly our products are designed to meet various needs and preferences. what specific information are you looking for?
how do i create an account on your website?,to create an account, simply click on the 'sign up' button on our homepage and follow the prompts to enter your information.
what payment methods do you accept?,we accept major credit cards, paypal, and bank transfers as payment methods.
how long does shipping usually take?,shipping times may vary depending on your location and the shipping method selected. please provide your address so i can give you a more accurate estimate.
what is your return policy?,our return policy allows for returns within 30 days of purchase. items must be in their original condition with tags attached. refunds will be issued to the original form of payment.
do you offer discounts for bulk orders?,yes, we offer discounts for bulk orders. please contact our sales team for more information.
how secure is my personal information on your website?,we take the security of your personal information very seriously and use industry-standard encryption to protect it.
what should i do if i encounter an issue with my order?,if you encounter any issues with your order, please reach out to our customer support team and we will be happy to assist you in resolving the issue.
your going to do what?,i can help you with your pdfs